address,allocation
0xC325DBbff63d0a4252Ee45F259409fc6b790B1F7,29.347908667963537
0x9b279d1A7FFe1784CEC33D5C31ebC757B022C19D,18.366955818746423
0x061A32e448e116c9616AF5870BfB303A9623912D,87.52679466865256
0xa0C16521698D05bE113363671e0a933904FE50eE,56.56794253608908
0xC58F7c2cE3b190638fd951A24EcA62dB849fC162,76.29469498960735
0x470AA9F034a389eDEC183C95cf351829AF29Fa60,40.864263686629606
0xA794307f3465efb45639eE023Bf0f98f88eB6293,74.04974267131223
0x3884386A555D9EfFEBaf87B24B3f0F5d9c6b5E8F,19.096237162991045
0x9E4bA9923B228696887b0B98Cc77032Bc8084FaF,91.18482918822968
0x5b5A9998B096F6C67dabA29CAe4BcEec41B39Eb4,17.489373659073344
0x069BED6Bda810F9af39e49098f5f4bDeBEc183F0,50.60569932799666
0x6D237Ac4FB587Db38C43EE782a3D7C12819B2e61,32.12386070696575
0xce839193B7020DC669784Af6Fbe2E9A5bA01A74D,28.798202363433766
0xa1999f9E7836ce06DA2200cebF6F802dCB9eEbBF,10.147843371930072
0x558E68f4A857F964FD667B5a87691843Db8aEd5A,37.12930132052045
0xDe718Cf8415E693B7F49E17B26a387B9B855C0C7,7.069922669763128
0xaaa68Fbf0b15412d2521222E8Aa68E0d020718b6,97.0748336327043
0xa87Ae7e68cBB4Dd3341C1C3F279f2CC6913FE25D,18.588702983419168
0x954c2ea1891C569BfE35B27Af4488A92E9767710,58.10302512130511
0xDb6ac8FF18E66996ac07be14d16D09A6B821bC96,36.85158128191237
0x9Fa1a77d631E51934eD7B88fec04494ce803c83a,25.865297606229237
0xBcDcDD7fAd83090d466817F60B77294643a382a6,58.16569559180439
0x0bb98f487e5e952eD55eaA640d5dB49f6A36C1BC,93.72141711040226
0x6586BEdc7c08eD2B04a3Ef7D0BfF8D6F9b6b171c,25.548653968914206
0x53f8442DDAF75D521b93c14A3449c9db7eFDE2cF,43.855003313319436
0x65fCdC40831845eA70Ed1D81372973588f489bd4,7.519320166829154
0x0bcb9Ac1f7f9797c526A251e9767831f4A514749,32.618248996500824
0xDd453d77943bBc111D74402CA8ED0B5d471681B9,13.320504027099787
0x6d3Eec1fE1C96cd10b0d6482D742Dad0Ae1B89bE,47.238939672576734
0xA229B925CC60214409eE25440e096D63860619cB,52.46332142200856
0x25c66a6E89cAe79a4f76C21A0A33A7Ef7dd7AE6b,14.506782723246255
0xCcb13Dfe87228782C6d5Ba2A9E333378bc937A9D,56.495428879166276
0x74b5f34ee277cc34822C940564656a93EdA6d244,26.981485025834296
0xd06D2500Aa597f0be20fF393F393bE4a3b56827A,53.721022925047876
0xBe34287139A7b8004103f8357D86E0c80E34231A,3.6128984164519546
0x0636a79f754B01786fF8304d775Bf3cFb3964197,43.74675949437115
0x02CdB9d0d5e5DEdd34ca90C86674E6268e60fA52,44.91745734157525
0xD8288380Ab90f9F03670DCdb58fAFDA5b8FAE138,16.408457630630167
0x76371ca0d637f802966e0f6b93E1D689A1A99c74,35.30749354346719
0x595Ad38a9F35A5Bf4D1aBFD1fc74510Af7c18bC9,43.331872343716036
0x5ec88BD2769f129e50147310bfc8f70D23048Fd4,78.57678663448827
0xB6Bb71202CCd2b76F5AaB1aD05035c178c10aD5f,16.231529651679033
0x8ed346ef6D698463C7F0F705d3D2d890B3c05D81,79.6594900084632
0xc96A6DD3AFE5EE5e268A32Cd628Fe69F6CF27A3A,50.62083099838474
0x684EB19f6AB23b7dEf8F4Cc58751343d7c04B3B7,76.37644508735077
0x7E881Faa73D922Fb40b5a8fb10fb77C34DB92B20,24.22186016839597
0x7262DFC6cB39c0C2C907F2Ed5141327Dcc3E772B,53.85774812064126
0x62555fD5561310fB2f7965BeCc4fe00CEB5c9D84,92.56453122938126
0x0004053d4b482eDFe416341842Ac97a7f8a13cA6,68.7355781340386
0x9650c67A146966461FEBF95890A165bE27a5e373,48.452333470942385
0x04dEce68cB6b50D72AB610eE7d9a356c372F5A9C,27.729178655329292
0x48f3157c757101355367105ae858C2CF910f91c1,8.16122656740087
0xc64B9B5569a47DDE04637b43614A7330Be3b7cCD,32.51583178820169
0xf24265cD43B924B232282a26efbC0af1278F2d75,97.88482174071892
0xf5e9df097076027fE7689a9FDC26Bd251aD75C9C,86.77978988827371
0x1b32dd8C384e087f73D931A97b799b32736DDEC0,90.62805086064967
0x21dB15319D9Cf3bCE699aa693FFa1d8F4FdF4eFD,6.226500330859555
0x0A73E2d65fe0e236e48a2d74597f54271f3584e9,60.854621591116235
0x53ACFaa34D096c6926Ea786cB12B79Ad14F517D4,57.37989539346382
0x3D796DB9ADF622fbe119FE0de0d2E5E8e5386D49,35.21419230408552
0x6dc4A09b556E8Cf610b896ef89a2A69057467E35,66.4455203213136
0xF01cf998d813EcfD9c5fE3aAD1F039E1d632509c,46.09771690020604
0xB26955b69fC0B58EE05EF4064d99FA9997EC155d,11.834247217389656
0x911e508741D2ac23749352253223C4e302114dec,1.7527539453678158
0xB7d77D64f2464eb9cEd2C54F5ef26864a1277b11,42.782746604926075
0xd2e20F7687030B10a87Fc74f978bA16b80f06060,93.73133487136694
0x8BbAE5fF353568b3f2E07FbdfBF9432F70A7c8E4,43.989757492622395
0x96Ac4e4d7314711c407dc5ee3C151AC9B4915b8d,26.002069992602422
0xa5E97AAbA2ec9D503511D74eB0fd59FB2787F4f4,5.169513870759582
0xf2Cb0B5Ed8E074D8fb3aF17f388D7AD23c430429,53.66825141522519
0x23Be1ced619b40c8250F794632BCd8b6E93132Ed,60.51431506686113
0x723733D3ffBA87e0Fd1E0E48Dc4b0A87C7D6CEf6,98.86830861162086
0x9A4bA968ee21420247D1cCc6878d8c2229Eb19Af,65.99282315560679
0x658D2427ea2D86598713D1d3765504b1eb8aAEB5,5.205299381312912
0x7E0AEe8b36d3252557e542555c6d305b837d92af,2.9733024701350743
0xa7A771bBdA18b5Cc3457522612a2F7d2e8b8c70C,31.096394486149048
0xFBae6684AF17A29958bFCb4F669DaD79d074d9d9,60.14435130639428
0xdd41Be55fb13d6fdF62e6BeC57007f8D122C4c44,99.74319653736976
0x6980c7F4F77aee9aDeda908f2Eb56D0fcAD5B764,55.15299226547984
0x49cb306722723Ea2A0ea06824313b49F3eB34621,48.20736296125384
0xB9f653dBC2B2D4340F3f860A9023186dada6F721,61.87872738336078
0xa63822aaBC548adDc9962D2acE2d0DD4601eDCFc,5.226690635131288
0xD81c60cBA1E8D30a059D29E288BCFFb0faCD37Ec,98.80375904306761
0xC86E8569935c5f427aD554085af866A8B9CB018a,42.87347622583601
0x11cFBE2A276De55A97A0786996A451b6bdB01dE2,26.335174309174455
0x0F044653337996D0f7A7aF6EfB44Cb437C5EDb09,95.6679763711279
0x9757fCB2068007354Ba6cd779B6cd6609272f2d9,86.7407963986657
0x3F314590b7FB5503aC6BD978C15B08B06603d372,90.95834564945316
0xCc92f7C66b050aAb39cCEc9a4D8c12799Dcdb673,91.8064658180643
0xd410E01bdACF917a4905b77AE18a3F1F092Df8c8,3.0069771882772223
0xAf8B9f59df66f73dc4697AC6Ab99A3e85192094D,25.744391975492544
0x283F28384ED77cd2fcE6e9dF118379451DF27CD1,31.840613296029712
0x4E49BcFB36b84a7E8E5BfA4B7Bb9C11aB4d055F2,97.10030017967199
0x3C2d54B44acd062911e37f1C0Bf8b7f8790dA592,74.47985560583072
0x33E388BC32d7637265206cb7C415C229D91Fe276,17.14911246569376
0x58450B3e39d2D4eFD0de7449d5Bc8764f01A30f9,52.81618273895749
0xcAC2e875E53a313729e95370E229455565fBE48F,82.71766201048756
0xE4F069C3D8562c30fCFE2409506D172dC5A225B6,96.2183469634326
0xA16c44D361341522a3821787D531E6Ea4c44E050,11.568490032045814
0x84F0A11c88B21fc1F0325621F8CEeA67B40BCF4f,29.616357164983526
0xC5BB9c3343f8316635FA5959A2fBd9F12f4cFDf3,79.7674102992591
0x784e03a49906887E69Cdd930d63D6c17D9e904C4,19.171859237646483
0x7a988a8D64Eab205d6C793FE268c3187cab1027d,38.9687465902907
0x7a514D8aEDE58FD5351F0Dd18eC1781E49935cdf,78.80879113341399
0xE83F6088947dE2b6dB3e4f7871CFe6C692A1149C,67.74212395118919
0x50517022d04d753007ac330ce67B68eE7ab8E7E4,29.60358216021414
0x6ba6706f8B5231e9186D73ca8045C6A42f20d37b,99.20586341626377
0xA5ebc5f37D4a80046a7D835A2Ec97dBa756c936f,49.227500630803696
0xe574F24a0A6d620Ae2A30541fb8C75F7978Ab51e,1.4632352205279011
0x3B087C76DAC1795d14072D1A82cDC3B3866B4eB7,51.8432952893116
0xA5540761cB3b35bbB87403C977784CC39D3730E3,12.084630899794279
0x5B595ad65a5Ba1cceC535A79Cdd6135D724E0E1A,53.32877891955431
0x0C458543894F83C83785a8D32D42f245569B62EB,68.46513482451208
0xdbA6445c42F83f0263147443f6E4A93225069C4d,12.15043245085609
0x08900520909F40676cf46c963516353A84741745,16.38413855741931
0x04484fd5a877a19F1AFf8A7b00072835cBd4fAAf,76.63880242210945
0x8C8d2b71cDb618fC25e8580b57f8a255db99511d,95.86900944430218
0x3A624051fc297B43043cAc98CeA2099E1036BDb4,81.76150321603774
0xDe048A7Fa842bB1F54e00aD3D5a05831D182CdEB,95.41688264222826
0xc24eA0866ad459bDA9804Ae7deBA5947D3BDB60A,61.647547031544285
0x66ca58B6b68E1D76E28486C1c2E45aF0Db297b28,24.07580008995262
0x3518A108845bC65Ddf407260c59E004BCd1bca39,80.42964983402373
0xBdf9e516975EDb0a6a46b1f2d3A05cA2a863e2d3,81.04308912012246
0xD9C076760C3D9C1c86a70C8efCDFB331a0d4318a,77.47931858447413
0xB9C7bDb1C74308B46c39c91df65321a73BA71d41,98.70736905803199
0x305Bb8dB6Ba72c7C299F15565dD07853577469Ad,4.580136493034705
0x767821f80a189e0148092B13007B0da79c8664A9,30.6015892853302
0x775D5015A9f7d3B7A1F2192d65F3c05893DCb84e,7.221020842063189
0x095dFE9fB93b4070e3d3F7623fe1c6Aca39B2380,96.06108416204738
0x1Deb21B2Cf45748C2670DA9CedCb6a13d562B307,41.40317265604222
0xE2b04Ca2A79972521f57953E467cDa96fAFc109c,85.7152253770504
0x61715792FCDb1dE71024276E2aa189218A0426c5,15.632935554314543
0x9deBF5F688b50DA0cf1c05Ed351C4736Bc2eE9d1,44.58336783344469
0x935cDBDb97f9a62e99119D2b05626AFb28c10bB7,23.327170979363807
0xe0324F3ff6c15149D0d5CCfbdCc1E157C5A46309,60.06664885229979
0xF37eC874425AECdea0fC46060499A0bc7804c767,34.82110813960758
0xF21DACF047Bc181feD97Ed200E712f40eA36f6F1,55.60666619604847
0xCCf9fe0a67477D1A4fc3181D2f2Ca0eE0Fe81112,4.704522361571921
0x0E86BA4879C0cff605606a8a1CCbECf4D284FC0c,32.82414950273861
0x720d53B71B33576c34fab99e1Dd913a4E59af009,2.929550146158994
0xEC128f034AeBaddb8Ae14E10a4279F588909f241,74.38866234440081
0x96bEba4Ca8f0a68466e1FB2DE0FFdE01dbb1A6C1,72.12541278997912
0x0Cd84c61D31Cd555A6D3c0704953dfc7bEED08D1,6.082493510657925
0xFeB82F682E014DEb4F110CEba75c05da0e1EAB95,34.493173288500294
0xFf01BBD9bB5a5A560461ac4b4EEe01a1A16Dd078,21.57317587746904
0x361654e6C5b7FbfB4575A7f0fe6Ca6e66913D8E5,77.99109860773066
0xE621C48Ee403CA406487c7fF0275e46373113C68,24.254660806184777
0x04828c603EfFeD8172C4457208905D5DDD2A049b,86.0866594501131
0x71fBCa5587d694930F389bE2379cE4f58cBc69e8,73.75471455896833
0xf33FFe3CcB84F27BD82Db76b6A87528a404465Be,10.947627905904978
0xBEE7DD5E89b005d1280411dB7A0DC7D5e60f5b0b,31.570312109158593
0x6CA7647BdBDe194E463ba8C793A233452588eAe5,93.06517641604243
0x557F66c792106dA2fae2263DA9a347d8778c06F2,22.778322253779816
0x52CE6e83BC7713b639BFcf3DD8b2d35AdcE0C93c,17.70403587931919
0x48C9E58FE68Fce474469Eb011AcA22Ad06708B2a,56.25770043268936
0x19E22a7919da5d0288B53a3b288eFd94551E4F48,12.664533340446308
0xdd7760f6A6d7B07d6a7DE39547A5f4b15Aedf5DB,18.2453895601967
0x84F3c6E4A4c19412d28C58F9fB2778f44ceDC093,54.381558708484725
0x59F07cbE2A45Be8D4B7b8eC01333C2419cf0A3d3,92.09573099887986
0x23Eb290f21aE1c0473709A37280062F33c8326B9,86.47147320509282
0xaFE1c9F789a8eb4D621fa5327d1F5df81aa467fb,69.41863488741215
0x55a13F0B13C02FfcdC50eDD166081a0c9b619d5f,10.203730134118018
0x59D586d55Dc95592904441E6013b36aEA7E204df,26.4965874253488
0x23F90659e47c53510BC4CC721056CFb045d81EcC,21.198942773063223
0x7573FDe6E1C2565c9E7648147f63b56d92839b0C,25.83218965997722
0xc2cEF8bcA390B79cf4e9f7701cEf550bFeca6FcB,24.205653889529767
0xa20e0ca0a348f7A50fB2b70865944C6779250d64,94.08120803156054
0xB514510fBf1B4405e54dFBd0Fa430705A4aAEFB2,38.72473597463747
0x5376D000bf4ce5d23bDbC6BB00cf1e6087066340,80.88126576057235
0xd6f1d7b0702D3C8BEC0fF6Cc6e2552d927420C21,59.63317643368735
0xCdB4d24d720B4d720fCc58dEcAb1a688A2Bb14B9,71.82654453791531
0x30a86156f3f7b52AC9cfCa969d4Fa4E0f7C3b78d,29.348408219514923
0x8338797f52ffe70013f46B571b1fA17d8304ad9b,59.97913417787118
0xD76FabEE6411232AC1da10d56F20f9699E99a056,43.1123564424277
0xf7F13bd8b27288944CA1042d3B5119b95a9A9b44,5.524271838250251
0xE3D7042320EAa91a6C894f8780181b7f00D16dCf,11.347564764912416
0x8b75a7B5cDd37cF28EaCd1674F66C7E535A1ac02,44.06072792892661
0x23b5e88d5066C07F88383AA561f1b8c8950dc11d,3.7285156623846984
0xAb777C91afFb5e44f9984d50499dD9E20E8b58e2,15.053491281430361
0x58D06A3eAa5c61eEEF465B619022A99fd76A2135,62.285607235370335
0xd58145d2c9995DF0c11b659bE57Eae30f7dab39B,81.94546277172866
0x800c1D1Cd4A456CE94F59f6Eb95fe8a4a45774bC,69.48064664834183
0x501ADeF3D8572966674156eB4Bc2647d431c3E6B,27.445247886190124
0x16FED0145Ba5d8e467Cb4741D238e65f33F5A6f2,49.56599461281338
0x8E995818Ff737bB051bA236E2a15C1Bb867a2aFc,64.08154414974183
0xDddeB3E3c2ad79fFE300531d8a06BE1C661D0572,28.19109834173239
0x017ABb09e1909117a48182d16f53AB241953c196,23.753513388975854
0xc6007f157eaFeB48FcC1B67EDD9ad5787cc4527d,88.95375118970586
0x4C8EEADBB1f0d1b3a282658345cb5795bcB25431,74.12366031854361
0x68B0D04909154D16D021C738A3Ac22009C1569bF,5.879153377490473
0xB872e8121Dab1f09e561fF698e6E656bd5365625,70.44161365205044
0x7A835076d6507fd2402f3912851caEEa962bfC0c,11.150666700037837
0x6C45B726A8cCC62a476d30F007236BAE44B3befF,1.1026620293518477
0x9fd3F972661BC8932De96820a68ABCf44B7fEec8,36.59897004122323
0x6bD0Ed89099408CCBbA1311A6735014e2A9d8084,80.81985193767468
0x203dEb5E2C49bd24Fa9fae41b1D841b838AeCee8,57.68624417614688
0xd78bBA2e053f5438296341601d0931090E419F0E,99.83519651667984
0x3DBb373e0450EE1b30cc20718633Be5Ff5cceeFf,79.74084525462796
0xd40Cd2E4Cd2613E64B9f5aa0E56CA43e1f407E4b,24.16130043923278
0xbef4A00d8007DbFB4953f857056b1a23D4b7850a,3.403360754333879
0x2BD0ff5d1571Dba35c3787dd5b635EC31C8e0EA2,5.486272811497161
0x307EBCfb6AFCE4bdf162e56B71A77952242ec163,82.74333514745899
0xB88C35B12d533e25AbA6baEB37a09fac8Fb5300B,3.841651973865626
0x3907873a2DA8D367B7c3bce689C4468585bdd8c9,59.75095811233172
0xe34400Ca5ec87798F6c2C596668262cf1ce24EA1,80.03705321500202
0x3e74373838489557694819Bb69c946cF102250B0,96.33559762502384
0x6A42b8d954F0DfA1FFd58F7FA74F3893d4d61066,63.37071480818183
0x6A0bd3135eEd123f715751445A9Fb658a312b5FD,19.65951490957675
0xCb381C8Ccd86E0Fb9a6C24A1B5Ba5fee300433f8,81.84865126454666
0x6C73820C7B9D48CDa8d9F9346fF966fC0305EE57,40.06335594328127
0x0616013b372f5991949a18dfce7Ee0Eb1758F69d,8.232726983799228
0x294144a2594FDd88F96A50F0443987d36f9e9267,68.49085831625591
0xfDE05b9d460313a8F03d047aB826d20DeBa43611,5.920428309282073
0xed961bA6b536CBa77AF2C10cCD97Ec9d195fD560,83.50942721078168
0x633E2981d3a495D67676386B34b4BDc09fEFc1ed,41.79628709543261
0x501A2a02cfC254aE4544eDFEC45CB8997F17f070,1.1130101527325416
0xc19d10faDbF0ccbC2C58919Db6AD553a9f01d3fF,75.95748547418435
0xa0343fe3e32fb01b25d706dC2aE99BAfDB3D3d51,54.99735554618662
0x372cD3e708De32470266BC64747A2F24EaD0DB6c,85.55378127149967
0xa9F3323E8212FE4A7AC58E68Bf5485A220fb71b9,42.82656009899147
0xEf82DACA7c3838A60Df91C22dbCe9E4b9668B180,26.296372040019936
0xd7dbb963887E1EB7Cd5C369A351e3BF241bcd2d4,69.0279859934333
0xe8c0A87CB4Cad008b0175Ec1BC7685D618A9f016,60.205668955947495
0xdd8Ff79a5a6a5814074462CbBC727180f4fA1692,12.309589975150903
0x9440853f1360aC3641a2bBea895a5B11eBd88907,6.155422348243946
0x429F8904bfb69FF610cdECB82841936C2842DEEc,95.45385829212658
0x5da11E0027A5998ED24242c94835113cC4c776e3,65.02394401116256
0x41fa12ea3267cA3D8046164B66BD614adb4E14f1,32.15180748466294
0x6dAaD310af9E83237d1AE0599998dF6CCD07082e,46.7413471656219
0xFf2e463f41142405ffd4105aFfbA7Df806CBa990,32.27427931599303
0xE0EF49520f7FdbF27F7E7b971b5f554a5F9621B7,92.41234153414254
0x70cCB781a88088ce66e04858AAD1020fb8476957,70.45238922365536
0xf1326727C6483067952c2255a96353F5049F8d5e,35.338189456782594
0xE4964db569229CD1646540961B8ec625492FbFbf,38.60564321667922
0x65E29AB21195A76c5e83a55F4627646ae356dBC5,43.476859514533714
0xb62fE50776f5bc1E1F53e6ecf328Eae47495107C,29.0495279363436
0x140931686E9Bba30153b0070A83d03a5FB680A90,37.16355487594272
0x28FcAe2a82611598d4bb26d3dA78Ad8884Ee264C,18.24259832878149
0x1eC2aac2D5D69197489F8C0d2248184d6AC2A711,40.62573826829672
0x3a981eEfD638F34DEd8AEec5d7881BA68011EC9E,9.50411114471967
0xf74Ddef79Bc0bd9bB1293D54347649dbe509d7Dd,87.43501204600442
0xaee8B819055ab3B3d350eCcc947E205B04C0Db5B,6.354827071364682
0x30bb83A24ABce669c90e7b36b698012cb9360339,18.914974864466828
0x3330aa2bE927598287A3A309277f7471bf2E0De3,94.47281590765918
0xfA8b0A9b4790Eeb04222242e6C23A3bBda2937f1,63.23331786752319
0x433c3DdAEe052D1771661991C8FF91AdB9419676,89.12327194704133
0x4c0f6B3CF11DbF2cfC8d38651277b5691d0D27d8,82.5092444954436
0x6142A1B6794748A6CCAaA5f7394478490741653e,92.5100606379591
0xb6dF62D7CB8FceB14ad8E0FE8FAcF860082F2Dd6,13.001406303050285
0xcD25fbdc658Fb7496777fb6870eA78f39447877f,95.62070080233198
0x68e5C33FaC2cF3693fadeB1105784060b3713eF4,37.35031992440383
0xC52b88848F62506edfd376970667A7EDfA0977E0,39.86029891356211
0x8a9251b09c42DcC64327A4517aC4821667b1e24d,9.490796470130684
0x1a0900Ccb420b2EeaB95edE70d0Ed585CB14A8fE,35.0208780606014
0x4B6Fb29F3510BcF4b8C7d78e8b9ceDB0Ca42B14E,61.35334371274201
0xa88D606e6F0767D72637144029141261f274Fa48,37.84890562025119
0x6a9fe71bB6fF3e6C638370c5Edc483cF7cBd2737,78.24034828287277
0xdC7b914cdb63297a552e9b35346d0eB5Be5AB703,61.0118114521059
0x205b183C5B95f1643C3911f716D035Bc0622B65d,22.726486677501303
0x219234C942706207d74593afa1C533D5131FF011,74.761044323468
0xAc77e563A2E1c45354Fe10Fa0f43040Ef316FfC6,48.278078290501654
0x6eCb9f590d7a04928a15933F6fd2Ef7D5bA053C6,46.670893094608275
0x5B5C0b55775CF30CaAab834A9c2AE30b3640438C,89.87727455083134
0x7921Ac0A86979FF1738B5e0443B1Ac61DB5A8885,91.6856350787956
0x9Ea6AA36c59f46cDd0eCC59cF1d0831aFA178caf,51.17969121172479
0x3c852B967015feA0B270bFfCb336B70B183922b3,69.94832348056116
0x019aA9580A3367c7010e05A4df871C3f09092f49,25.005937607105345
0x6e8970C0E7222e826D6B1F70B4A4bc74041c25B9,41.816659316628694
0x7D81a99d5A3437D571e840b711C222045787f7a8,82.0289965709807
0x066726B9B348162c835f1dF2B218F2Ff3cDb4410,16.88127399898725
0x800Df059C9eA93a9e2Ace39440634bF644D72ebc,9.459943870496538
0x420a793a6F2aef311b2CA4ec749d2B08D9Ab2127,8.52184002068351
0xB424EB4eF5e76F2b2556439d502F544c2da0F81a,15.811218704337737
0xB7344DB34506bc95aa1fA5A3843538D24E6348b8,90.39723363427223
0xf79317e40cb707042A39141953a490A98B9E13D6,79.39732546687459
0xd65051dD41d8B2B8ef785B25c02B764Ef76852bA,50.93236395452405
0x00Cc4D6fd32dCC36f9e5Ae52D33c0cd85A0A21E3,49.855640394899225
0x5C982d7A936F47fB8f3d8134740D91dF9c65aB8d,87.93825449803796
0x61e732784472a1bf2264Ea4e675F031A7d5254E6,87.98447440948611
0x7214bcD56F9917Bf7583414D9D7518F838Cd2f80,99.53415066943766
0xA6725A0529B6dc9D9D9782dbAb7603412155d7FA,3.2209668960023325
0x55eFa86e5A527aEA9f725802BAe4636ACe7031B8,66.81645946841208
0x384FF33348516f590890D0987C9cc0dC16aE040f,81.40665474859752
0x298bcFf9741656a5dCd51863f650ffdD0973FA74,37.322403042101136
0xbFF51e72935f40e58DCE873c123b92Fd0666E168,32.116482042581595
0xbC49f0f7543f4F91b29F918bBD193477508Dbf88,92.13364517945024
0x21141dF91C105c51990451A1359d0B53e0EB0d43,67.8552205549031
0x6a9BFa736cDfc5b03558EA2632b0850b6f365738,60.75471326985757
0xe2a9990299080ce3f7538Ddd6E8cDcBe160C3CAF,98.75296883142558
0xc7779f3641b49Ca67665cc570816Df4Da3f691eF,35.78089816961063
0x107316a13899a8eD51a4a9bB0349548aab147224,82.12951102742632
0x26018767eF347281D71A4c50faF6346b7cCEB0aA,77.49535157044738
0x64355867a5bAf2038478F5Bb997b28B9D8F27Bd0,76.43341555133928
0xD5fD0B2fb8Ee7F2198F61BDa97514d0AaF094B80,24.436660119067028
0x3a8B4054280B9d481d8cB50E34820f59C046d9b4,38.33062869703965
0xb7bDd0a6f18A6cE364Dd4cea8aB8bFa93134Df38,89.70927485392089
0x3BEd9C04d7bCb1b85ba1f45d21d694c2CBCE0c97,72.48291262009016
0x7099c1C386aaDDFeFFBAE0F6326b6bEE53a71729,26.77247882316035
0x766f4854C9F63405F8E13c05Ba60a67C165247fc,27.535467364442525
0xFE299E417bbABB4f62b32CFa21815be177522CE2,9.648100297628789
0xc6BD681641E563c75fd420dA7652FaEDbc421EB0,58.08414802289377
0x7724F4D4D7d76EBe508B55AA5F4415Ac034b86D6,84.2776702571937
0x33c1b81b9E1D9dd4e9e5E523ed72faFB5Adb294C,91.26095260949512
0x0EE7f7aA82778215267E31Dd2467378B4f0EB85e,11.438622738525963
0xcD219eDDfFf4647E2Ee10096527e1C4d6Bd79BC2,27.01565997564586
0x7Fd853e055DcDf2569071A43e30d69A455DEF2Bf,91.09453672772976
0x17Cf4960DF5B7Ab1e562ebA333a1E80C868Af57b,2.9567921826971224
0xCA99fE55b00952d5c033e915165429716168bDC8,56.299641048725675
0xF0F6103E0d9787B9B7B743F2a59b16f6e2aD2eE4,1.1750259343734082
0x3452fDAf3aEbD2eEfe08a42671980E810244C24D,33.87274431055315
0x8C5382022cAdcAdBdd7080767986A0A97bc0879C,59.107227383551404
0x0bcbA64d8F71b625Dc576Fe7154Dd5607879fBa7,14.258251073819816
0x2A9570bdFD94B8f8Fc9F213523F31aA36fD47cdF,49.216395210815996
0x9F783BE0b2Ac5Fdf154305d8F79e9dDB05f27E5b,55.348274157003736
0x5f24226edfF48E74aB786E1FA5936732B986382b,67.23603467212732
0xD1365340387Db7601E7fDF7F6BdC6E2F6d7A2dce,9.638353607857832
0xCE010c7d7E6984Bc7b8a7f2cb1b63C02D65E6C88,20.177718322931128
0x89133E148941b7552bABDAf5b95E7902e1EcF790,48.61595415109003
0xcd31D9ba0e2cb50B93b0aad5D7d33a2d4Ac83335,99.59044143165049
0xd45b79D6B1b1d9c0E5255C08957F6600DBa99D1E,10.981512233767189
0x486623e1C34c353D1E497d5213f139ce3D8Cbb38,50.19717565530059
0x0698418ce92a4B6249B255eD95Ec7dF32FC73EE4,66.46552695360238
0x055B776c31f5A75A76E8bFCcC276C6344c016aa6,36.92697842116086
0xb839AB454A4C0B95a6a637335e24f695fC6B8c29,42.610805533631
0xAb7B890cA0756303EdBAb6982AD134A7f3863D69,62.33306106368795
0x2F0f64FA2FB838374461DcAcB0CaF8494c3fcF15,91.09049374910464
0x60D5C90c03EDA01Df8F0917B4B57Bb47066960E6,51.86646164605894
0xd716623e1C5eC690C7673d9EF3A381D2E5bc06A3,13.306460990823695
0x1beb1F29287432885F73a443512aF3BBFe025BcA,60.24000669855577
0x7293453864B4c5880c478bcB8Ab06403c6524E23,95.3372285681072
0x9d333e6D7DC92400b36FecD75284C0b33255413A,53.95686393603739
0xb916555B225EF784fc06D3757993Da9153f7278A,80.81562854638624
0x6BAec5D64036a7e11298Ccc4465c75298e9E810B,81.61950127658945
0x16b65309986466e478854b52b07D3Cc32b5B2a17,25.608770376408064
0x987d731D99CA74070EEc1f46D4449c3dc6f2a6b4,93.41565542706708
0x6915b201b4cc137F47b329d4bE0DA850588A1897,28.936435976451644
0xD07333D812cA2DcC628e31B5704bb9e5c9361844,58.50289005201574
0xC6A5f6bda74A8250100410805181244664de67D8,6.635330826888746
0x330f76907f3EbB8cD28d56A298A145D205e2e501,39.176438467720835
0xD2dF558FC2E2Db923776C8A01EdB588fEB6b1BC2,96.1722845587515
0x21aFCddb7c5aAc17a26D62e6ACbbaE65F5c06Bff,78.44812869164504
0xDaa28a25DCDE0636A12510661DD7AEF3bDBea4dF,28.15488917406119
0x10d8eadEF25D1BF32Bf573b33C59D9C150db6Cf3,94.42606549960549
0x18705768Ebd3CD8C1e8F55719aeF8f16395F5b1c,38.706043935768136
0x8B46B86516374565119e8e7B39eb695DC744c5Ad,95.00609508591874
0x8307Ea441930e2Ac1E48395720914D4E0E9068dE,91.10173324844712
0x30acf38D49E1aFE76c78D57787F8f501fD8026F0,60.74697889228223
0x8B60Bc10a740bC7AC467c22b0bdEcaf8E83D01AF,51.45106448962666
0xFf3BecFcCB67bBCf29AB04c0700371D353350B06,2.5907904939660957
0x0eD7c1c8479a8500a155395f1FBa7AE2D931c49d,50.60043291864985
0xf6e8aB76F1664b06Ee9660fB46387bC8F13A35a9,16.89902508318744
0xd6171306B636e66E2334aD14449753f559036980,72.4215180801023
0x4ff2270e0f9CA0AF8F0b69A73c8d828474401Fdd,46.61021092792273
0x5A112C853b609193a105591Dd782370FEBb6cF96,11.153513216054241
0xb4ba2ee5115AD9a1e9b20fBCe2Bad0477Beea4Aa,32.68151868781913
0xB6AA436914F4F94632124AE25ec51779f9A4f948,74.74140438437742
0xae925Fce6dd37da3cB4cbCcA1D5E24396f8A6d14,97.76960579187792
0xC9bcc6de932D37E7210DDeed56602c0eE3413D6c,59.790453708172954
0x378cfF1627ac3Ae185D8Ca1cc251563955f236D2,20.79372994332612
0x957A041fa936cB6Cb25aD6bAB7E8c10Ad0939966,31.641428971775277
0x2191da7C180c3169C8733F1cFB908B96555E2c54,45.32921882669056
0x45baC670AAd4177957597b9b0BeeB88B61311f87,50.942632196089775
0x7a83B69D651365558Ad421074ac29465d2bDf665,76.20901004480697
0x74F97D751C139f2AaBb189097A14bB781027cB60,47.21967905056299
0x89be396eC6a251D96012935C6DCf8A25217e52A2,23.154206444935156
0x62255DB94f221Ee62B19510d0EAa565f2b15dDa8,95.08606771154928
0x824d34e091F9cc70d223eC1B7Df8bCc278e9319b,87.7686406831534
0x635D9722C32800a435b2372829663AD295e6003e,72.34113184162784
0x996209331b5ec40410Be1B16A3a910a664A2f75a,29.04347126857822
0x1f72B74282f8e43dA697d0E37700178aba732F76,13.75065832702199
0x15Dd057A034bC7515334880d1a4227d5379d81D5,38.00901527203627
0x04ae5bcb7e824b094EedF64ecfc5eC73fe1a3730,76.43813500855535
0x063B6587e57F2A724015b46A0dd3747De6A0f72D,98.6461465907901
0x0C9aa765950B1fd84C1D54317509002716bCb89a,2.945976446021879
0xd28C1A5f0Ab0C635D4347594d25eC0079590D624,87.13002591085923
0x0932ee6B1576854e6d93b59416e302eB1213040e,78.64704329134914
0x90F8c8f297E4E3ABB55DAff373fE022E1Ce55629,49.94944281122269
0x1DE4c927744dc1335e1F86397960E86b9eC86F06,48.44599094941347
0x917E7a0D5fe665aeE4Ee91BF4391BB32361884c7,14.380449292278456
0x590a03F1Bdcb5d708e31F92Ab7b55cC18ae73A25,42.86453762856622
0x3101434352074130Df4c1c0fb0cA663469aB3FF2,31.24666277886932
0x7b644cD4848Dcb33653AeFE344202da0C8f71243,22.295472416466986
0x63603bD8457f46594CB683812Aa880AECB11aB47,36.62454287942987
0xF43010dDB20b8992DAF61CFDffa7dC3e67801Cb8,94.11220005109473
0x891576861a6Baa2aa8F9A4e80Df15B3d77c95c81,59.452055103711814
0x47e2c443668C86bF5927000dbfBbDDe4828383ae,46.60703101642679
0xD6b68b50910ef00A21155D61f62FdE3E0421c3Bb,85.53009114239885
0x185F63199d0a4180014fa5beB36dab03B1b28154,60.235913755289246
0xAB4a573A86EA5602C98D8c47e3de0180a9bD543B,74.13405292932171
0x09e2D140E06f04a8c95a91198d33bD176Cd72A91,69.96349741955693
0x568b2757fA1823464c0ff193b341A4125e57bc77,78.45228779072491
0x6cE1F244c4E5Aa0e65dEf2B82790441175b12Bb6,13.87236408333445
0x4DCAA7ee6d5a8bD3798EdF7B9E78cdfCd702b933,82.90486952406094
0xfb9Ccc6ACd225672bb53242E1470E045618e2299,38.27413330081271
0x59501545a9C5c6Ec2da8BB77ae66FE6103D8d0cF,34.46460099327503
0x2bdC38741F17bFF0F392Fa1d6C75197324671559,81.06477780769993
0xA898c3Dd7B1B254a0750816e273d68fCA7695C56,1.3639249013309531
0xF3a549553255fB9fbB063503A4C678De3f634a1f,75.13987152953031
0x1799f2A1b332bC9313366f780955f0De88E26a5D,76.93742735465216
0x3d53cDd653Aa84A102A6a7E87B740462a97383cF,82.35262496867902
0x6F67176a907ac356e99cBcc28060E10980FD7744,79.18794895980186
0x8C1E65ae9Ca5e01E4E050402676e89D441E39843,76.00160254422019
0x4042189a8aA6a50460f27676E49D6f3BBd6a0117,96.51289855186603
0x1aC8AF6Fa4d91E75647C05C69485eB132A177ACF,93.94900787811173
0x3606F60458d7f93b1861c1C6e82642eB4C405D9F,47.854319968314954
0x9C576A1FEEBd2C93aCdE8221aAA9C9567ab8eCAe,71.63799222626923
0x77196efd7839197dcd73FEc44e55F96314308a2D,23.0518550080275
0x63e2742A5260c6cb95DcCDbeC964b464a0fC257b,42.66476621588643
0xfA97f29a4C014fCaFf2b8168176Da712d2847a82,66.50320248538787
0x5d4b9751779e90F2d49906b031A2a869C93f2d8E,23.85152788170034
0x847f007c8b3d98E83144543FB54322945968bDbA,80.01563315471239
0xaf12fA576db1F472b50Be9B6A265d68e4bfCD212,81.57567633734229
0x520b43899D960f7e4C483Ba5C4126FAa0707aeFD,13.472673811147397
0x550FF4e1173437c1355f9F31Bb35f40792e331Cd,9.638597972629562
0x437eca863C35ddd6f971ecCE104bD173eE51376e,64.71602782989684
0x0275b4b5d6d6595650FB822dF0dEf76f7E4b594E,57.84258300463888
0xcf64e60bE357FcFa3C90980843f7f43a4f64ec26,68.73249557132601
0x70B00521e4087D9487dE28DAf2609287568F3ccD,69.75808801326333
0x97ef1507Eb666334631e909B51a845f123D20360,39.84358387110589
0xf0e6485AB07962eeAE027de31e92563B5C1CfD9c,13.818130444325861
0xFE6466c784D61418f19eF90Fe6af96565776B600,51.29592896620539
0xb6e92C033a459dAB5F7184Ce6c929CB929B87073,34.10081379469092
0x29063449560aF592DB341e0BAF98d73c0C9Ac333,68.70824153488805
0x33D6Ac7227841745ceb4A4d341042A07DAF237B0,57.106997085747736
0x49F6c2e8e6Da8db578c3D10826237A281B862833,15.071994090710216
0xCd6cc957Aa0d7746caF38B15BC405Cec9F629484,39.6075065142436
0x13701E67E80bab61B407548a947f18160C46613F,48.15552044898217
0xC9a166fB3A580DeD6D7c56df4cDf39cF45dda52a,25.146615153761868
0xF3100489642c901892a3A466Fd560A16D1999387,73.39912435158715
0xa2403483a890900fa9a0957bb1F27d307e80eE3E,81.05877443777798
0x4d2501ABe143fcc8318Ec01373998Ffe43fcE1A6,34.238754278779375
0x89036960E114fef68719d0eD9Ee10966CE2f6848,12.292163074620262
0xdCcf7eB6115Fb772b1d028119461257A27b6f0c4,60.82678584895955
0x1762eeF6Aa43C079482DDCD2052A75Fa42AfF094,4.29560140433275
0xA3a8C6be1d5C86eee8112579Fa59F0C4e2CEE53D,84.96900284625092
0x9b55FC481a0B19c98bA1AAd1c7814802aB8078cf,82.7928095852639
0x0119b988eb8ED1d624219a55DA2A727D0059E603,1.0289383100093064
0x400e5E21a9E1EF69B57Cf67f4eca3e27f558f287,97.35825783277585
0xC4c4E64b3Cef30464eDdC89BdF16F31643C31A30,47.048888680820774
0x62A5ba18ec1d80A7eB96D6e3AF750833CBF5b448,50.17732849444201
0x41A6c5c1a24C7a771C96A24209A54A604536B94E,64.85095810392735
0xcB5515D2d841Bcf726F9C6E9A805C7736bFE2C29,91.24831913478774
0xD8dd0Cfe249eE6230a6001b05022F9C2f0d79fd2,6.56503314658952
0xb7B4725fa7754EFC8645b4dadB139dA5f0CfC493,53.38139429611945
0x0392D87d525FC937DC90f571165b382E407e51A2,56.71202512613763
0x0D11d9DD8EF23b2Bb3F72CA773619f1b35a13050,20.119719949340823
0x62E02b8aD72104bc21FCB8d9e5F6cB855292375c,60.94136179173417
0xe602ece44a39FB22e4ff6cf3CBB9f1F163b027e4,30.785969633453703
0x1E19eA72eb9D9A44319AED103991b11B18052e92,7.6979952330998245
0x41689f377e0B04a51d026e5B195b5b309Bd1df39,80.39103785612552
0x8ed41Db30110724254536ED6621FD290B8FC7058,47.60539980567067
0xe86E05318490D6d495EC30Ab8734Dc32540AE5aD,84.14511408824785
0x238e71fEd8BA75429AAb9c6170504D6081091a7a,67.53651420771764
0x25734E8628becA690eDba316c4CaCD20A67b1e97,32.52881532336896
0xa6dF95E5e4c411e67f83484Ab97d03411Bf8d574,48.59337938481184
0x45F2DCba6eE9d84d26F463Bd3a5aD132A9BAAc3D,44.9888607565591
0x4607E21f57eDb7A83a4ec8f4C0bb74B9f30129E5,15.080362449761829
0xFae683da0Ea4FE7CaFCa12E2cBF873B42BbB98C3,81.81501954841156
0x78c5B0E278fb53825cA7cb8C61A6Ab1ebB2d1A26,30.60751369034665
0xC7c100eb5EC5F0136973B110234919B4Aa5e8C8F,40.197086615783356
0x75382B40A3C9CDf0d96D932388C3a5005520F716,10.06853869306918
0x06E9d6441503EBb8986Ef49Fbb1062dBB432f749,25.734366310978245
0xe5e1b4Cd5a908A418Dfed8969751810B8FFFbCA2,35.70463774070264
0x74a40cd4EA3a30f929440Cc7524E1a93DCb12Eeb,85.42364570064476
0x286CFf2719F8c13F36958336944c5507aF0933fd,80.54255560684769
0x7b081dAa0146e22983702766A446f2968B07D0C4,60.178325446191046
0x7E3A2c92E348A5392660973e0c1671440eAf6E68,58.98035880809949
0x25f355ec876987723074Cb61183F08399671fd6A,1.594866296833263
0xA79547EcB3a4BDDb6bC766A048b91700BE9a6C7a,94.62553699448691
0x421aE908BdC35F0eE27Fff5600120B7821a76D15,72.36685514945692
0x20327b2173F7b23Ea4187A873Bc17f3FDFda3140,62.2621701197362
0x6f171BaEAb9006AB4D455547F1d24C75026723b9,51.00152180672956
0x21c97c97c2BD0126a3d1DEE7e346BC7589E18f93,37.32392595192584
0xE07A03882EBB469D4599630512C063f5F7cEe02c,98.92888927443609
0xbfb86275F63295D25355e150f68a81d3CC298913,56.02687728730681
0xB06D6C1dCfA246E37E7A028c92Fc7D867223F0a7,38.616318230812674
0xF64F0b2b23E7f8f13a5FcBde1846d81612dC5D3f,59.424902611795666
0x8484a2f840A396951569d72655EaC8672e6De972,78.62668732764284
0xCDec59eDC08a69CD4Cd2f61d2e7B901F9468A1d6,48.73278858828237
0x83758eD653FDc07a65b37a8684E9E5D5E0d1c862,34.815300872321025
0x331041e64ef72cEC5D0000E9c431D4466D1Fe63E,60.098252525554905
0x5025E087C46C6Fe6E9eEA54f7b876115a19025D9,35.09885723670784
0x5d6542605DB43dFa44fDb6E556Aead5c67BCeF72,28.091833256222355
0xBa6754FBd735FBbeccfdb1201D0Cd3d548b910ca,57.62189581991704
0x1dd8eF8caD7BDCf04EF3A8bb14E1286745d92b04,97.13540606300035
0x2A8d2cEd2EC4198517F5Fb8Cc9f7C09875746076,27.746912181062285
0x4D5b208D8B2aeE27fF3935333e822FC75F09De32,49.93542653192488
0x8dfe41F16937CA630f8f3ae438083df4C9B10c91,47.08465666735933
0x40Fc49d454600A7fE2C27fA10F026ce1718e0bFe,54.56451829844808
0x33f1d210d76A309c5d34801D79fAbFD4c7F44816,34.562387379940745
0x49d6F3622260892EB9Df1F09F1582Ca1Bb326469,50.13384737278343
0x3f9246e3FB6bBD5FD320543F7E2CD6A27D6D2145,71.8357108192308
0xF7f30fa9F7af8901cdabB02879508e91C0523029,82.3560172511086
0x9a3A19AE5cC369951c9A229d996d8AE6909B8F56,86.34582017919706
0x0dd180f6F814F35D0F608c396212353bC70d3988,1.7132376211349793
0x03f78cB48b4a45e3F424115c8BEc167817a303F8,2.3464566324981826
0x9982748D8339b93481A3C1E4bDE184d7471f975d,11.625054001646705
0x89E52FB1b526BaD63E3ba88C6bB64B1BBE63FC9B,66.35106306660033
0x409C07618ff6d92A3CAC50241F522b28037aD6F6,93.52612374762036
0xf806532B5a893F467e5D18BFA48e6304C3bf0c01,40.80022715224213
0x90E5612af4A660aC4A86371853b299EC3a4D5141,34.38066692533937
0x653757644604A12198BD7c96593D4413cAbc0832,53.602999263136525
0xbB4287aD7Ce0382BB4d7A5b27F66A5423584BC79,56.493377254628484
0x451d3b8D3794301A8022deBFC834846f449dc1Ff,57.966459193067024
0xA5aeAe5EFC38b798d48970c2b91453eD7ec42A3D,34.182225896281274
0x9934cDB9b534C7776a87266d13190dD3467bc17C,10.06495776088581
0x85000De0305D27ED4A2457841167fC69A6e20427,20.14411766091685
0xFB6F23853357C637ae25c6130B7bcfdA425FBC33,70.35866616733453
0xcec25bfdad5CEBA6391de09495c5D58f6ed641a9,9.537477080573204
0x5ebB336931D9D252F863B507C8F5bf8D4C4B171C,93.06665839463271
0x3e047B49A013480e4834793eED369b57eC327cf9,22.17304992159728
0x1ad23B907Cf7c94FD77AbB33623371EA70c6F0F1,56.95120096587842
0x18DD8116479C03324E50Ab58EbC47E1ace956214,50.81182855657921
0x306A25b5548261498C7Fc605Efb1359C1EA7f84a,24.152398668441247
0xa7650B055B0a1Aa6a0de681E63388A92CbC575Be,75.70249536872437
0x6dc4bf9f35CBbf0165aBb5dC45415764dfbcD666,5.083288073260294
0x9aCfd76418DD857aAd43Ef66337BEF2Dd3bc341e,16.29193572225742
0x0FCb36F40407eA3Cf796E8d3815688B1c6A9aa8c,34.74552420225597
0xB599d06F9872206dd8158B0de3978101B9349b90,49.65555215656882
0x6D9001A4C285B1Abd31194843dA3951a3B51Eaa8,55.60984549889486
0xceFB450a7c90C4a3EB735D1eEBe0095f534BB008,85.22355257539938
0x51F025b6E676Ef4E27a007dD3094c338F298780d,16.690604462563016
0x14380e2e180e7435AC793976ab28c45B3b415C86,87.24473892796429
0x7e7d9c2D4FA19444291DBeb8b9CA34B64c117Ac4,85.48175081569232
0xbBcaa259709dAF501D53b6b01d4EDCc4c4405345,65.3887266397412
0xE130330dA996D6977070858f079d5196eb4fA331,78.88152733137444
0x650b09Dc914E51C7FB364f6543Bc56a4050D648E,46.34692887042859
0xb2e71602ddF87d1386AA706ff08d844e063663a8,59.87917054527544
0xcDf6e3CF4C78D4886df3d25CC0940A8F832e16f1,56.6946458041928
0x507D06192fA6dFFB8478ee7B4A19CC03a3cD30b2,99.75336725199901
0x124D36F30353B167135a7cdDD257B99314Cba8e5,82.01687878806703
0x0b21e6f6e54f517243Ac61fe0d96Ae10FF5a903E,77.1723693399522
0xEbAeE3a9852E6E9b4A9A8f1bDC399D76a843d4BD,50.60553788130022
0xAb981424eBE7fe359B14c083bBf53F7D2c138592,31.043673574960106
0x7329295163F15BA3DD7D7d4b4F5da65E1e610359,21.43326107820305
0x8C777b97f5217e342e3a54Fe715bE39B0D9193fd,24.725023793300206
0xf86AF198a9816564C16A25D1D20838cED37410Aa,74.62105942783725
0xE8E8728F0344986bE035e60F068b7a3F027f07ce,21.685189315044806
0xa0946E29B70c91f6F570F5deb58F78AFC6930dc5,51.5876587447228
0xfF35326841AeFbf55A00832445d194954BD7ccE6,64.50635261311442
0x0500d9424F5eb7F8Ae900C0eA7210aB18C7e2C83,3.575313746290309
0x4373F57Ab22B573498093B3fa62767424b55A6c6,15.355110574124783
0xEe8AAf0f1cdD23118c477C10598FC860d5C0E6df,89.05122307054722
0xd4f414eFbE534694b4a28aE83B009883125250B0,65.85163421099651
0x331930b287d8e04Ba53beb4599D17BA351Da9d4c,25.131654540537156
0x14884fD4B5DE57454e9F5faefcbAE063788a80d5,40.25591833389343
0xb148c5fC9194698bFA5946e3D5aDC434174a5117,42.80057247125594
0x3CdDbCEb9B1eC989aF10De609473Dfe363674485,56.66818678083841
0x526a987e505475CE385AdB06d6d362c73cf94bAA,96.80557046761388
0x05E5ee3bd8B4D497F55028b3B58c87aa05Abc3a3,97.88629443328558
0x6343E28E4FBFB827b92F817aE2E836CA0E00fdF3,88.88264944742933
0x1194FD4E2caE1e5EaB2EA300e7f3573525A70CC2,2.3283319839334706
0x478a252C631e9DE2c2636C49C1E204d0EcA37aC0,73.59887283050635
0x21182544753B50EC35A60316467250d45aDEc48A,38.98435231005678
0xeD8d460d3b83a81a047FE18B8571aa4e1F6bB665,72.64319341363613
0x0F1828D75F163F03fEe2a071d73b0A27B8919Eec,99.84159902109043
0x77f1FE11458933f247317A690C7B509a81d6Ecc0,58.54266920675545
0x97381E11CDBbb8A049B395fD127EcA01D833AF61,76.57988453319888
0x232674Ec6D5414cA8D5d840756b62822C1FDd65E,60.06636548662887
0xf96396a9f3678dF136E2bb7af6bA9b4F1387F092,12.72859941893292
0x36870119a18747b6365D2395A46B7955f3CDb8F3,40.891274491030465
0x7149A5Bc37269c2a31F822Ad2C061C8F91cfAaFc,98.75608130896296
0x7e25270aCAFe0e77cf4EB7ebc8a027E1f4B9F403,42.77757976891726
0x3025b242a28aaECa514A33A9B8B167351944573C,26.536606134470322
0x9E1a44eA2eb129d9B161f2453f22924713F1Cb84,74.08538947426219
0xd21B1942F0A259356D4240A3b6754ECA9F6DFfFc,82.26389388324007
0xD9e2BbccbE0504d62a4E1c446BD5975b5a6C0559,60.39090283356178
0xafdBf83C98D2E7b7Bbf1Fa495bcC97E0A209A619,32.97786994791535
0xe97c188EF6E36216be832B39C5DF7D1b5A49877a,31.60804928027983
0xf037173071180739795C49FAcfd818dF04a8bBd1,52.16990321448513
0xd2BC3449A43DB47d3d12567e79d37C10cBa76ddf,83.55115397063724
0x4E35Ec9c3fB374e88775633aA2B30a6C5c3a7530,24.55856245305755
0xbE393D5120B63E52B093B7Eb44e1B6Fd7635Ca1c,95.40206318004894
0x1c8A597b2C8373ee951554Df074A99827b2ee377,79.43008659583285
0x4Ae68F9a06eC46c6D263A4C5aE16f96cbeC6ABB2,49.27981144671672
0x7F3F33e1d2614700d1055e325264EaE5C634F2dC,42.982999150229986
0x2b589586D46aB1Ea274431F19a833451260F4539,1.2027011499746125
0x7870195C0D0A7FE6ce272901FFfb801613beAd6F,55.90515099037784
0xC2CC20871E3F4e7FCCF3d76e460Db78EBDcE375f,34.06795643748617
0x9323c6B4153A0F8BF2322FeD0735F6F1Fbe22348,88.21898322190324
0x54A2de1bfCdb67e6478B4c17A5098A105798e942,11.891330959973807
0xF520Eda43003A8b8007E9E3054D56254f09Eb9a8,66.51013419449146
0x1cc2aBDD8641C46525c5C22e2BFbdd00DA3B1275,32.03706986663128
0xA512B6AAdB8A1D7F68657E8Bc9F6D72a9ace5c10,91.29586664717705
0x60fa270d5eD19f3217B1031c7416f0A03dA7ddcE,89.17314208276724
0x16Fb8914309c1D30C41C8256256ba5De98e02D58,89.27924599561271
0x8E1954699c80ED85f12d785c0A9a5A98719A9262,77.60824057026225
0x65dcC4022e902CB0e84c3732dca8B55c8cD5674a,66.89738639346531
0xada6d659Ee431Ac6E33863332e10773484b9243B,61.785653391128484
0xfAeCDfDCb470873F3Ded6A234Fbb94c1111C8AEF,84.79422697709381
0x3F696f49679C63EA50509aD48636488b65fF094e,97.48025895147406
0xDFd59415cE009Ac57b0578F9A47d37e32493b44A,45.17035906782465
0x85F4b182A41f6A1AC0bc6A2b0d3CE6472733cE34,70.05076686580836
0x816DFD7c19e71De319DE87ccEA19A697Da16a85E,8.586603600677641
0x4F0242AF5BdcBbbe6241CA342Ca6D6ad745d4580,49.13730104260542
0x29279c5eAd620c9d19F7A1f5CC43c2bBcbF77EBA,82.98405322309893
0x3A61Ab5C2559a49A7265Fd48E5401247f850aD3a,20.948265118251634
0x49879a070334A9E17820499a903fE5643eF9371F,24.934275350652207
0xA39632909bDF5dc0a3694a8F0f34B34b5d6D0a99,71.31256551245436
0xCB24D65A2591424a983D46466C02e8E23D29e1A6,95.58697690966198
0xfB3b4E8dAA938F6A86d6D0050883E4608322D8B2,12.251976218487044
0x40D4896449D01214285b5Ba50b0e9aA99Bc85920,2.8649186840621823
0x6AF3d9f125c527c9B5972bfC05E0828C7a8f8750,97.57434389527735
0x89dc0CA5396eEF29FCE2f32fe248a20D235dDc9F,4.896325553278113
0x30f612805dfbCBcD3E3034841e1991C60244E4dE,4.1871013988332715
0x269695B70a28cB527c9CbF76467c7Fd5dE5Edf78,7.899734702742851
0x30611ce55A264811af01aFA2995ad6641e74DdA1,90.33899421528386
0x2f26b3a55e690D79894f75F3f91767Bf2873987E,70.4691855733168
0x495e05Fc62bc0a9b355BAE4E9424Bba4598A6E8d,58.619072721564315
0xA2E62d1014D74dF8974865d61085d2869E304F4E,56.17611571782165
0x2Dbfb85880c2472692bDF72697bf86E66679E21B,92.38930656145175
0x0D84172A1bDCd0dcAFDC13779aAe58Efa2F5110e,77.37979325909127
0xc4d86101C43d8246821B9383837eb1fFdC4c442b,20.007732826918286
0x37856A661E4F43B7F152ad0Fbef1dCe7C4b4E6c7,75.81171713088173
0x89169A98D65E237dA1fE938f1765670447AE37A8,77.14336411662514
0x5bC6625E35FB10adA6092A2D591763A94CFDf757,22.79360126240574
0xD1F7F09f02fCB0421E120B71842855AC7a595070,19.160554924363932
0xAd39B69B36b959B7353d202fC0e3D85c825e809c,23.360378189649577
0xC3dF72d13fDC5C5D9A73E432F8D2146C7E0c89F3,63.13153064063988
0x48CE87321bFDD410223448E9432Cf6Fa4ae12291,22.14441752434807
0x4E5A18D705c0b468EddB6880624D362dd2718448,80.5807701945552
0x7C8C5be51b884D1ce90b79Ab3dF95E0e851a5598,55.649756635683374
0xfCC289A8b573129875C9844Ae319f1200c9539bd,84.95530466595102
0x649227E2f7e8ad763147e7e755c46e5dcaC3fb7c,73.7884267438393
0x3d4E8581F8F9f146cB843F29571f12447E4CdE24,17.059465008302496
0xE8FaAd1353B742095A456277bC69F12D060928E8,8.990301241934153
0x31507e0DdbcBE518fbe18Ee3549BC77bf8a3475C,5.140163839264731
0xD85bD389F806e72bC3cEb773f45c0459BD222c2e,75.19265110058944
0xFd2a37E84220C4112bDFE120Ee82Dd6dcd45ddEF,37.71162022034991
0x81B15249bc9c8067a8CFfBE15bdC1395B5FAf166,95.56903355234783
0xE61adAB4c4BbACf150F79a66BCBbD7bf81f015De,25.10151413877252
0xeBd60705bC8217971B57B3D59967DE0a9eAE210f,43.41187128508214
0x335bad8C9aE0936EF54AA1C4Cd6297989148bd87,8.788276766281072
0x97992AEe9bc51D2CbD60059FD890Db66837e8bF5,7.053072059674951
0x4728C9b8C996E59886449b4b91cCc2E1c24c7758,87.34899045323397
0x5845965E3e69f48953Fea69AB067e5d26C20483d,60.48325506746894
0x28b2df13B4A4CF487330f149bb5346E3DE3cCAc7,96.42990531965378
0x94051C8B6CFC92574779137771EFE9C4B3318854,2.7539057274223757
0x5D2596BB66bdA15108c787b1FdCB3A90245b02ab,75.01176224341589
0xC6D119b7ce2d2B515122089BA6F6676007FF4EcF,45.8424133529531
0xE825393ebe1e5e1448fD9cF1DE95Bd237355c901,36.75865108666679
0xedee63C43f2fc40b4c81D88276a3E4bFb92853ec,54.00485308050675
0x5c50a6e29611413bFa8894eaa0E1dF10678d75e2,84.48413765162938
0xcA84C790257B0706A12a30e54F9eB8f31Daa358C,80.94900987184386
0xe689c5cd8aC5985b1AcfcE091A222603503bB9f2,25.196560191277243
0x3C0bC0cA798A886F17985698676C999e1d0126B7,29.4774046847281
0x6b5960B4B4470a8eb7Cc675727d72F2609F5a0Fd,32.52700948339191
0x294dFb14eC196873C56b2Bd3F9d453aC53532fB2,4.6833647275655625
0xfF7d234dEb000C70EdAad24B9AbF9472F29f13F1,7.728435204631494
0xF2F1b12a1a3707d3c945CB3928050Ca2CbA0CAFF,37.863241163176454
0xD325b3714583716b3051dF6FFF965C0bDb395f51,8.703010356758114
0x9AEB40e1696dDFd3f5e9645018552C68F040B341,87.57492029714317
0x3e0692c43B5AEfa5805D73Eb082E3e06883439FD,99.3598416449656
0x36F84CA39C9C0C172F6226AE37C70eD5AAF6f12e,78.60561730521094
0xA683D050B58e538a2F12902218561076f97c12f5,79.75278079073169
0xAEe9c3c6703662D28A01443bbA6d81F14aFa3535,35.84317701376271
0x9A39cc3249CA92F5DE18f446adefc6A34E41F60D,96.32631825507401
0xd88802F09f669a1E99Cc83E966FeaCE358515217,73.69063986080917
0x1A567840Ad8304e44a37b0c91AB49b0b7468f632,69.26939585515943
0x8Ed2f8Cd61015C67b945183291912F3735034cD3,46.445477856192774
0x26BAA47663EFB2975a3f2d66Eb9d83805893e99a,52.61366736148334
0xA580f411b4b8798212cba5973B095ba411A8d970,72.8382039445269
0xAf11b63b510C88FC753D5cCB73b6f14DBe774401,5.0804824792780545
0x1f264010EA4B7519df7fde4c55BfA0Ce63f65C99,7.693577009450232
0x66D58957088283970478daC89059A950b8b7502d,89.24532890079192
0x09E5007BbA8B3317159bb11F83aF0e958E42fDc1,14.028353011332092
0x1ed785E9497068ae200773b798E3D5622131c2d7,3.366855698810939
0x1416Bc0ea937723f08374129Fcf2f1685Ed18729,39.788467318266434
0xAb365cbaeA03f8002615EADc7499E830DF4bd040,63.39763634508949
0xACbaeF0f73d6F87a16B792366612dd4Df42A4441,58.12254589813672
0xb8C8C1EF5DE75B43D9Dc1affe9Aed6F2682B78c6,93.16990653990383
0x53ee54A77aa2a6b79ADddb1363698565Fad11E26,93.67951316412453
0x6E92826049f7A7261d9a94d9b29fc441e2157E78,9.452923631543706
0x97346d5894F2a9b88255d2D02D32197E53d1B70a,94.71993460047321
0xda42781B06EE341FB677aEB9c9D956d5C1b63F1F,79.5373189737069
0xBEC4aD6b099EF8608e46123dE78f2819038c3E33,94.18206834930871
0x05Cf188534256C4111A690efAd80B2EE4023f7fE,93.27936715614715
0x0F372Cb7919BA23f1E73e5E5f42473A186D87199,19.799952764688236
0xf519aFaB4829D4bad61B741d912f8CA8C8190e05,53.532432405942075
0x07088337206e3D569AE21d5487E16da0cf7dA064,31.40213830693535
0x69f671D82E874fD9010D25193e4007356CC5f9aa,10.390992024841914
0xd6111e85d6a010F97b9F2A88BCfD3a2f40850c37,33.01328594576994
0xcd1a3ACC04205e7fB026bc2eE8111625779D407F,25.14592256820461
0x7cb74150E457D2fC43b81781CeD0E93a5c420083,14.228362366783099
0xd32c96c589378f82d74CD8DE1041B9c334966758,41.10912954024841
0xb8572A129D3fd48d7c8cACf4B23a59E37f42B1F5,91.07311642900149
0xd03C50d47Fe8a769483D00A98de9a9183122aC3F,36.90482995510597
0xF46dEA92547C5e17D7C07A91b71D97Ec9171dF57,85.17925207516603
0xAef96e51e3063bF7be36D2a6320E3e8c66545c4c,81.2117955283065
0xe7eEb05524Dd7760a41eeC6EBAC67dEC6deA7C2d,67.4531554121055
0x2d2Ef0B751a7FA740D5B9046E5300049Df336C75,14.740001982101541
0x76Aee310bc5f49235d8E328b0aB47AE2E2f562F8,95.09261460445377
0x1194b7cBbE3311737C47B6DdBf426B349fF1b846,31.2338769972356
0x54C4a12949b1bc44eba2252E865D53e6C72B8941,48.22710420464907
0xe2d3747B6DF70947946BD94Ad5443bE82C3644c3,4.858881938185671
0xb5e12f34F8092E96D308B7A57258B3178C6A7098,86.85103944886664
0xcb170B314ad5bf6a239efD4B0AfE217EA87B1265,67.56178706266792
0xDfd34Fcb6060A4745f93B977d59c49d3cf65AD68,54.13778532904422
0xB52DD8dD2B13a769C42859Ca6962CD9B7AC2E568,38.16529427133241
0xA170D842422e8fDfe6b76008e129890Cd1A463ca,32.161788450620456
0x44E4e3A5307AF67Ee2766b678bECbb689BACB76a,89.76173476984988
0x5C8C8b783BC87f8D78BEf3A56DD07D18ab869F33,49.72388097057894
0x02c9AE056b35390ee896341E7608251D4BEB74AA,90.42849257252254
0x4a0CDBE006764747227b7e64E14B3AEc5f2a92F0,41.51736826801329
0x10017e315a82A63951edcc105A99b00Af51FbDa2,55.06775993839678
0x0e5A315c0E84939c3b8B067f325EfE602EbEa160,14.216208407218588
0xC79634957799B0e9713aBC003A2a3F3404d3667d,73.18868892869929
0x1D54060F7b19DAC249B0b1e055540Fb4828777B6,78.56658196071557
0xa6E519b9CB00236FbC36A4ED3e32e5E438a959cf,42.80459566729474
0xA08c47772AC0dD17b1Ed5771A94a8B57c9A9238c,50.623778135072776
0xf552b715753A047eF580baDeD8FC0073616D97d9,40.86266313707378
0x0Ce0E5b06Bc1C647364E62D2Db7Edb8518CAC508,59.58008306119007
0xde6E837C98197023A8433C8932BDB082797dfa81,44.465196552052596
0x38EBB4690E59618A6db1BE4C8F79AE032D113873,55.1045757698538
0xD28FACfbeB2277ceD9e4db33a5a50CB16Fd138ba,36.250599280882376
0x29aF6822Fcc58C399E91c609E52964DDc5860bDb,2.344544276202398
0xc9C8b6Fe329BE11afC7E041aA70C87DdD1bffCB1,33.45331341380785
0xE0aa84e4D8061774d671bA4b78e001158469F439,40.44052346486178
0x594194c5f5bb5f2afA277344Ad18e9B8f7cb2e29,54.024285540522214
0x226Ceee65Aa85b1bc2e7Fc067666ab6BfAB6425A,35.40691884126809
0x06763E6F02885fC4C3BF8c2BCEDD9A9fB0D4AE21,12.95408941147634
0x5624469435Bd25d31bb7EAe4BDecC4f7b5418D77,92.73818554769245
0xa7E5644cd11E234F65816aA4E28ceF949CC82316,83.56248402119637
0x929085f72045Fb01F80009Ff54D869FF96827E8B,79.6310809851094
0xcB7b82f3cf87A2D0e4efB77a05AE269c87d8b0D8,89.17661902221086
0x7145277A66FB7766E2532Dc34f9182D2de3A6E27,3.6235478039559825
0x1Fe2013441fe146b238750Cecd6c31aB40D8684a,47.008385457049464
0xe4c1f60dd7105BA278607CAc78C56Fa30083ad9d,98.74430352502614
0xD3cd600BDc0282b890B7cF8fD0ca8723CdC969b2,51.86057350224795
0xA5f6AAfc1872c821c93C52A0FEBB05dB3E86755A,26.97214166740408
0xD2b04cFE808E45529657E5a908cA3C301e536979,10.35453686342714
0x3dd3C05aF736f02F90DdC820720C02fEe7517525,56.85590811770776
0xE909CE20F50D40d8be68a21c2a1b1F1a56a22AbD,51.21038135158108
0x8344D09EF9BDB0b720f3D6393637c2Bc61498A93,36.19898639935281
0xF71Bd126F7BD7CB245863A64Dc769D62eC6133FB,63.37576446491745
0x23e51b85600dA70023b7422291D957Fb342A6470,44.97501958959295
0xFdDDde7D1bdb156d06e3f835739f5256E7694762,84.18488169387443
0xA80904EF5b50657a51CD8854af36D214d8150770,47.52423026485706
0x3B18FA936072C76117CEf9fdee52011253A83092,87.16411267900901
0xF455EbA3D04A34253c2AF411B1c6c049a9A9c45A,44.014976145499276
0x7972AfeCA3E766759718E9D087D3CDB310482b16,27.731614436339687
0x11437C864A4570cEEa7f2fDF9049a64f24DB9045,84.89632378917155
0xEe1bc1682a495b3B27b1a1DDaf1C6ff77f41A614,62.02363575122103
0x2Fbfa6508b8d5a41Aba23FC3046357A6bB0b96f8,93.05872025522447
0x83D310F947366613A07116f52fb308C83c85F4f2,76.18047937166222
0xeDC7CB3e633992A8262f30290536b220F4B11bb2,53.86919793549705
0x71ab8E5556265EBe09a423Da3BCCe40C32e98FA5,77.8007239402417
0xd466eb3e620C2d29416BD6208FF765e506BaFe12,97.86104103812744
0x83B5114B2a5bF5A96d678345E170c880B1566A26,11.651573091117422
0x8531311FcF30640E96a8A509B7798AcD5476e498,10.62190631883848
0xD0759B7037a44fBA4B214FF5BDAbc427420d78B0,77.28742261409322
0x73aab03F0F68bdc0e61Bb3cC78362b9c5f16DD89,31.778714601881887
0x1c25915c91554dd27fdD5A630f61045383259E32,9.865600636356517
0xa837ec0886987d10d4F60D91b301b3BddA96a91E,64.56212650518276
0x51d4202618b127ef3e334c6540270d7AdE9171D0,68.74132936588454
0x62fC2886f2fc362fa06e0979b9CFE8c2C69dB015,15.836911614638446
0x36d9451c27835F3D157a3B9cE0feE8A4401c0A2e,58.19003716452202
0x2D50a41F05c1980a4b5133375bc394257DFEa0d5,43.81891497379262
0x5C4b4af858A28868D9F876b10eC77Df217b9860F,21.910426093995
0x475138b755F018f80F0d1fD0af5a722e7A91458f,80.17105248717981
0xf1D991801c0CD5E027fEa854cc45c1a9E507BBEc,84.2314648178841
0x474B70520e25eB0f83771088C1984579fd3f477B,19.350909409244633
0xe0f3c3204F0FEfe83cF0E0466F365B23330C71A8,15.285165710412052
0xcbA705df36877A9acE71C881057074547b4f73dC,46.44238576056848
0x73ddf048B945a5034eC211197CD19778385459ee,9.511438921917156
0xB754188F213d29e8d3bd14b6a12aD282bC80c562,76.44359792481265
0xE58775a2e302C7390243C91D3E15d74d9687b50A,21.30491629092215
0x4C1093231197b2488963Bf15a77848c6A17db5Af,99.80935539344988
0x72E77b783Fc8E1C8ECa99B26a3c29d98f4e8431c,32.34399310573092
0x7cCfFFC91715a9BCF9f0e4a1fb0F53d66696384d,9.525554067508603
0x9C08d440834De6c2AF094B715f9AB1f005FB5d3E,10.405915959507036
0x25cB0F13E693aA341C9FFc7E954d74a4B91B11d8,43.80986922731584
0x67Cad3dADF3c204813F6a744b58656202f93154E,56.599340837942044
0x38403E6Fa790167DC00f823957FF2a13016b607F,98.21241832832055
0x0aA22A7A874e3f82aaF06Ad853F0182039609ede,85.60102491804976
0xa19383993AE15109362ee921754BD9f17023360C,39.77658307845997
0x4e3Bb1c4193c1dAdFc18b00f67c19E1eA6dD919a,85.18679307767985
0x92fcaFf2e01992f2F99185AcCAE659C443a7dE78,13.453111054411814
0x17cED5d8279f1E23f0fe8A20eB5Fd5d91204Ca42,32.90823473094561
0x9BAE3A3F7bB7c66bf5aEb20Bdbbc1a8B10331Fd8,56.68621348833706
0x2D58d9153A39f6fe06F5A54f4306F765FdFF65A1,95.23274470642465
0x1f35cF6C84dC958Ab0C91f87627b24B215C0624d,45.39948626169068
0x1D3613b7734b6885A3A87cd7a6b9C23601F994a2,67.9279201256581
0x2c5ff29CAbbc934CF515Ab90E1B8C721283820cb,34.07819670404808
0x3E365b8ec59c724BE6CCe0110318ba0cda3dA9e8,31.499369560035365
0xDFB73954dA8eEC7473c694e15aBe0127bc1df94f,78.07576669670627
0x866CDC517d352E88EE9eEaDe6aD3E609eB0A15c9,61.09164301443591
0xB3239a4ab15611999d5669a042B732b3c5a7eDe0,30.8912193452424
0x107258e8D4414191CFc1d0af3ed62Dc21bC83E85,74.88395090849538
0xAEba236Ac729773411C6BE630219ddF617a54bdA,30.424693536489666
0xB8B610fc4cFfbec27D8412943ae9978b7ACCc9c8,62.01685486703852
0xB56D0D661f7c67b6E08E92ad3305710B1a04B715,25.877087625905148
0x693D14df16D7a3Ce5736DdEE9D9725C26bF77e9f,88.74012381253849
0x2524418c87A4040DC60D89eCB764b08361Cbedf9,99.37981210913227
0xfFFB3cca0E44eaEAb38E5b16df90ABB880c17A36,91.79722610134992
0x37A708f77274d06140e3FEA1C7eec3690202A173,53.16618044021954
0x0a2ABd8ac7B8EaADab46f24600bc961238137fD5,1.3260039263489913
0xD7752d02d0c2b1cb3044BA2508EAc8D28528A13C,60.374877962056104
0xB81E8e5Ca0Ab542124b66791845212FE0020BD3c,72.19419406271615
0x66397Cc9bAd60EAEd27F8b6C9248fa675797fE47,58.148785348749946
0x18Acd62Fbc40ddA6B4d73331B0093D1809B53a57,49.56308905780376
0x9067D94aA932d50f7fddd95765A1D424C9f811cA,38.78605635659153
0x27bba4476662970865b1df01b611469338fFF711,64.17021215623339
0xbdCc41906EA292faB184ddE314Be2DF22f927AD9,30.529549621478584
0x639E0F5C71741e2EFaFc017be42D8fc79ebeB539,17.455500888926313
0x265Af1d79d71904eF8aD5D7617252cCe3e42D976,12.207024842066922
0xeA8D70ac3bf2BB51262b1d1a9686960929f41A1f,95.58185820209584
0x486981c602bdca6c33d3B8b73fAca290bd12FB5b,28.218443907151755
0xC358003398944D769D03CBd24Bab236f26e578d8,47.22408775836901
0xC5c0dBaD6A07EAdA87C1547c3507063aBB708805,55.956805376975524
0x19E5922169B25Ff77b9B8D362A5cad788C79e6Ec,60.97367669498472
0xDDD3a758f862721e8DeB3f1D5879B12E1de85B16,55.72376680271393
0x2Db5451D748f9475bad67DAcaaB1625954b4F8c5,78.51926364841741
0x57a3711eC0623e9279A2CeE86b3F5BA66Ff99Ebd,63.4697817998852
0x74F9a87d365F44B00Bb7214D3CF49dc24311e0da,64.36476399623852
0xc6b73FdC481f32aA68d74291F306F4b020241d4C,35.32616734782059
0xF127418b80f596e174deE2E52483e754e0169b97,12.868374564083341
0x43BC7ccBe462b79Ffc986d7a750566923281D6A8,83.54725299577619
0x54462c5bb88F2056cB403CA7F9aEAEb6B5f52fc2,78.9299179161517
0xF4838dD1b0faEC9a1811178389dcbB0666ECCAC0,7.553755121834174
0x4d2404C5C22183D233319B42d1bB884C12c74653,59.82537964565516
0x45bFEfB1028b92618cA241de1437e1d32754f298,28.6486653412732
0x772C8996bc3A4D1f5D659BC77E7c818F60a381A4,25.577870486243196
0x7eE9c2BE67541476F63DCee88AEaAF7313807126,54.267792739669346
0x2C4aDda0888e5Bc0396243d98065f67B75aae5E6,48.95342936399077
0xc28098F644769E53104308C7308a25D021F1E372,92.58756528260686
0xd2D7202BEA2a24B5Bd83cA772666c60cBe529873,42.35026320992941
0x35c8d3Ef3DbFdA3e2bB4b5CF4C981F3adaa146ca,24.26551746791835
0x4b238040D3e04d3aB3B4c52755BfdFC1eDf46DdA,1.5589806938258857
0x8159bf650D1c5817BC6ba4491cc2E5D332ec36Ad,62.877603632466176
0xEDDe04Db9B8300F61Cd30b5896700C8B30D16579,70.20501357944572
0x04E5557be9a92b2D030906496b7183D8Eaa6ADaa,86.16637599200894
0x11e2196D8C90c8818d1c44bf894eCBB684B37437,15.593520916780612
0xfBC4035Cc254F985928E997E6c66b47701704259,32.76034583522199
0xdD28650542dc66747c0e656c405bE84db92825ba,54.00224285695981
0xc47db586587e08D86503D67Bc7cc5F010565799e,37.04427550551926
0xDdA1E43344e310447cf8e866d3b65B7975766F76,93.99776506648705
0x2642619CfFbB7719A5F3f9D7816a20828E6E3936,53.444684453158885
0x73D31A5c36B09528006E26eE37f6365a4da5F4cB,80.29709664398275
0x10578C650480aD9E6E9Bc730d84b4aA8ac49D529,66.15793022597057
0x6a589295C71C605866ea81C5083CA5a19f7e687D,10.906204022428238
0x09af89fB6a0C06c7AC6c5C27bcb5eD2b423645b5,97.04165452845406
0x17526A4Ae8224999e9aFcE6FcFc4638C971Fc5D1,51.8435359220456
0x361F61727B5c9177c5B06aa554D241d487C45716,52.06931003129136
0xaefAB3bC5B255DE1f2245d5956832424bD752926,76.30619221837861
0x87a6E1dF60AE08e315AB5dB69af0086eCEd0365c,47.603790051908604
0x93E76c19a72b0A569a4bd596a53802DDb7A84047,1.7826041284079146
0x719490217C02f38CD4854E0Bee7783F3B567d92A,89.61722025075369
0x089be6837bD9f6b20C0885F67397741C8a2cE8Fe,35.47735196214604
0x636AA4FE2de9304FA7AC1827d17d1fc7047299A9,16.995054574331743
0x54e141785BB54Ae3Bff8bf16F1202483c17B2341,92.90668988633786
0x4767E29eC9563822b8377fCFb2995f7F298b9a75,3.6899631052991384
0x59E433770fAadc34Da46d66b667eebA2d65C4a77,9.752426650848447
0x183AbE40A82F4050Ebf269cBC3C22C66b97CB88b,40.97763456105056
0x27e979Fc25812aB8BCD10DD870564ed8Ec8a954E,7.810257585876716
0x8ADC12e20e0278d467aDebeBCE610f950fe4f49c,56.18035614748186
0x345A3758629a62Aa9861aA464A7668278002f773,82.82316704631928
0xDe94c480CA9394d6b6cF81B6CA17062198795fD6,61.66861354508438
0x598722B2a0b8eA6F0A7350EA3cF27144F4d6bbAB,52.13488979603836
0x93D2383BC4f575480239e7d3a08515DF02194740,57.5209438501278
0x47475857212C58ffB87bb6492828692Ee7cA851D,38.051301663979835
0x0235E8B81ab367BF3Edb370A3001575ef0508096,59.06560975356195
0xF101805A464eeEb5a677F1EAB2C0C3b4749b77D1,30.127452677807526
0x60aa11dbC896189C02e5D2f75636038A055D2b05,66.16461677767828
0x081b5413E862A11D2d4DC99Cc419C8460dE44c31,92.90911443212383
0xeA2b5b2A2bb5aE6728c010766f47E8bA087D52AC,13.886337739975046
0x94B6d2C455B278c5fe20fBeE2F916cE3fC0635EC,8.967964610836015
0xdCb968Dd0ceec8514a3c88AA906dAC2BB3DEBC94,5.952912932966617
0x4F9D3fbc54b50F34f7F87F14CB446B0a61D74515,29.334363025381997
0x295aE78cF061374C450dFEdc664ecEA9030F297C,59.480504689325265
0x267034040dF2D9b8E371455C66796d0a89cE77C5,67.05751122482945
0x259c18497F7DeA35f8710db8E141c41Ee0d09DA7,76.95390838504737
0xBB67015739729E86f313C33eEBDDFA97CD275cca,25.650479833891513
0x648f0236b03a2c0687374E779827F7322D106cE6,33.48457193429895
0xFde9697dbcc1100135288Fea0643F5EAC95A1a9D,6.686852106408835
0xbcAfcE7dc51131D2C6EDE16241883b5621aB9a0b,44.604936768891356
0xf80d6F7C687DF4Fbd6747c7463BE7D74a209858D,99.87641837806936
0x7C957B3830F7dC0f7A96C480a50405Cfb0D844cd,4.744562043210021
0x79F0BC7AFfF82fBADfD1C31463f0606062ab107e,46.695874996442775
0x1833F3068C530987B30166cC3ca166fa54Ed9C70,96.63474594361068
0x389B4cf31015002d4e3b653cC6913e86Cd3Ae676,13.877123348505055
0xCa17357d25d35801b7A22f12d84C6d7bB204C194,59.30705988998384
0x7aF8708471f8dC9d88B7FE539613907853757bcD,2.4726740972129226
0x2dc6ffAAd14601D36B9c2F757025F81b4cd26970,78.4746117719363
0x89Bd9E78352BcB0D7B74d4662ff5b8E18193ec28,13.030104539762664
0x0Fb325F47071c78d962E5938494e87A6939a2597,2.6822976623782977
0xA6D0Da13103c5c2E23575F801709F19d63734D0D,23.118229904582623
0x0E4BCfcF56371E4FeA8Ef884f489D5C8f7d2DEAE,86.17188824919982
0x1FCd919B59049a3B601f386f233f93140CbaE513,4.481341157971654
0x77Ef167bcC20A39c9D543746D9A9c84cA40A963E,38.865212193847505
0xaa6779969f87F821CB8d0A0Adab270B1a72FD95d,2.4118328683456918
0xa04c340CD2b7841a941Fd2638764ac7D2bdd6965,25.893569490681696
0x9e20A4372f3BEb2fDbE311a038Cc20fB9CbAC919,98.98082408018563
0x0fE6F28b2573c1D0B6D0cbb24f82d77B7994CA4D,75.73348677788756
0x1cBADed289eF250D15BC2141C4e5D727089ca4D9,84.44934513568151
0x71b583cE103d248f02C1C7E046B687CC5d1E04f8,5.135135044297919
0x51E109633c8eEa6eB8ea937B006c15943CC1bee2,69.26014883540734
0x759D145daddD1110BFC2b0d99C86D7a412980776,64.95094989927905
0xd950C9dA6e2eaFfC78B54E1b1271c92f45A55E3a,88.79956572713809
0xDA6A06464dC9DDc25162334EFBe162eeb8cAa201,81.11169626396675
0x198BF87d9D40FE7a62D336fC735114bFA4F8c646,91.71857724694327
0x60470C564654b2b8398F21eC0c57adF55A529884,70.31544830830047
0x268AeFCeAD71fa733512339384cF09028B0B33e6,72.89952084167484
0xEEE91317b991Bae3F4fD92698aC1B8C17ceaBdc0,67.7900816616431
0x617a2FB2120aC0474154E23FD28D82A8BcB25885,18.07349148228322
0x8bD33b4cd9382008838E07A8B4dBFD56Ab339F0b,5.353767045822837
0x3D2ff9362294d96946f43b8a493C3691324D133d,25.808010212412068
0x53726E6b1CdE1781416F387633996BB6B024DbbE,26.687812267942263
0xB656f05B7cE0e30014cdCcA254a2070A781191Ba,89.33993029618367
0x019a321E390B77332Eb3497bA6551b682a808c68,86.26224927479484
0x772B3b04CfC255ebAF9C7b47ec63B2e27d3AbAB6,9.763357291099986
0xa964B79d3FBeb6Ca233D2F59b02622989A6625b7,65.26487686041273
0xc39Aa90B0BBdB01C1d8cbb6E10B2220D60C52cee,99.45248641880423
0x2C4b6f495FE13B2a8155021a04B60a14d9Ec0E54,87.80971723189073
0x4cCf4De0Cbe8Fe0635dB9dDB8C831d18AB4EDaF0,88.38824077224568
0x8a5B6Df6D5D28d705fc46A4BFF486d0A44f0e369,6.393775917614493
0x971fEfFC8cbc33eA7763F1d1BbD260372CF93a1D,68.76171266884046
0x653324fb39717591939Dc20b863d17235958D7d0,92.92479011319242
0x4dE5d77DB52cc2eF4e151C7b689fBf19442852c0,97.9055809013975
0xFcC08C2021bf262AF02400e5A82A46Db90fA9d49,12.222125878708518
0x08AE7f0d793274df73A920Ebb7198e8F91861cE6,77.5880756373096
0x7e1b87e3257A4e0535455b19De34f202833ad9a9,48.106217496236454
0x5c9B7990818BFCBc22d69Eab4E59610a52B6D6ce,39.7287104167769
0x57308BbFf9D2Cfb0a25421bF9763068c47841aE9,84.87156167042662
0x1E7a9841C8dd3B2d480639F625FFe1926548428f,66.65174008871016
0xaaC3D8931803e75E7e56DDe54260265d0b8F4d3b,6.1005201321995886
0xBb496Abd610a4834A9AA006b2AF7Ca70b9EEea3e,27.164600190121376
0x5236ABCE78b376c1f09dA12530231b4e84238484,54.09327879847835
0x7dacE924c38324e57a0DaDd06cfdD46298AC3692,59.97960530028899
0x2d77e60760044295A11065494b80b0655A2B8A5e,7.442063156832367
0x3e6C0E0bdCEAD19bb619D8C57AbA059e3AA3Abd3,26.004477923288714
0x311656dC3cB3906881D39eEe1421ba5C94f7cBA3,87.00056577477773
0xd21cF1dB5924D5AdD520E05cb12257c9Bb58935A,49.99807140922382
0x47Fc0BE1bf10f5e8126eAa38B7F33efEfD9F4a17,43.854862411555146
0x1fe1323E775D6a0759112C41be1b826da6fB7963,65.17929413622501
0x876BA7C1E29C78b2fF0d1cC3441EF368EF8D15cc,64.4712349096271
0x0C435a321b4293564073a1B7C9fEAF0E9482A2B1,91.36111651748402
0xF032f096eabcE21343cd4350D561FBB236A459fD,60.872258100843695
0xeAa5CD216e2f9ce305dEf6425A5946b2932cBc6a,79.77279334814014
0x143D839596C47e10a79D586478e6B30159CE2343,42.132359255765515
0x05d2D8B08C7E3CF5D512cA544BC48d0EF5C20461,83.74520181415102
0x19E75C5446278e04aA4276DbD02988dcb4D5aB67,19.300779946383543
0xFfF941f0ab5207455B3Ff1c0b10501A8a08d493f,97.95589495060617
0xB7Db0378114Dd8645B3d82D6BFDC7813b60882aE,42.499929874965176
0x17d34cB679114E09a5bC9b55062371B6a5b89795,10.14269219889747
0x2aecd5b8A64a85aC884106c62adC261421F039e7,79.0517907197081
0x894594FEe78De0c278dD60952f0972680Df15F1B,37.84899913955799
0x49F4bDEA3b776D01F644b878E36d62a77cb404E9,11.832415414804831
0x0213eEf72cAb1C4C79019e4834b4ECBc2e14d79f,50.4837518323565
0xF08Ae2b33CE61418320Ebdafe8E81E12E71846ED,25.12987115220584
0x00a7d57A5c97Bd2208C54F949e9d036c546c0f8E,78.76169059209089
0x0ff077E11FcD3B840bA34f8e942598140C6CE42B,82.21979051643478
0x6772964F0E0a66d38B90A1d0aC50D5451B12D54B,90.9736783806353
0xEdFBE90E5E7D1a92a1B97e4BE76F77f2D733a243,84.15456186671521
0xDF71A5BaD02bC377a9Abdb6F9BEcb7c61D2A8f58,24.003758771996
0x2f3f47c5c4168f181c96A9440854A0e32E59cC37,20.49108134441714
0x7de3f549fBD9ed1da90D1fA2CcEfA73021030644,90.07627541310713
0x83A6ac9f1b5fb59cA293d8b27E08DE6a3345104B,82.85832118321024
0x314de9FcEb0e6Cc0333F2285bBE681823786b702,1.5182631458048825
0x73eB4afA75da1FAc20E5aCDC2dcfC7b595d64eB1,99.5770283992007
0x45D0Db7cE384CEC44E3B391aD6694bb4C0407a23,42.8071176365271
0x0303B6f728B245204271bAc4af82A80d36783687,49.18149838445847
0x8c25A8a4cD6203Ccd1881b591B1c7F22feA5f234,4.21855433199575
0x8Dd7EAB9078ED58E626607d5c195B701f5E13549,87.66449541714941
0xe9b18459abF9b75d6A623c370aD64a5Fa208033F,92.54798137100501
0x310AFC7088C283241a392968e664514df1d64F8A,54.55270494814689
0x8bc853E7717C475b3Ff648449A63bE9668AcCC79,78.46798294900266
0xCBdD8167b681db6A61d4Aa0F548d185e95783293,37.93714159415527
0xA33B2Ef1B6aBE78e337793F5122bBfeb270E957F,61.55714969159521
0x9F64b9b49B2e696d30f8028728dc7faE5c3a2c8f,23.17847583262785
0x19707FD5894170c9Ec07e40879D909A51d365c39,6.057068264940554
0x6bE3D30d8B37011c52fF00faf2A12aD73a5C52D5,85.88389152365937
0x5130268b16ecef4183a92bA83cA4c8fFA48e7A9a,77.1086064823966
0xb45608c5647280F6D7170c05170a35d17484AB74,99.70038829222975
0x9A0978214384e9287279C343b2908628dC4Ed006,53.11180009521258
0x433Ab4b41B88c24f8CF8d67d9ec3C985bdf9c35C,59.12023493006842
0xba1B8dDf8D11d34e09a9F9ab3770425A93aBE504,2.5989687430316604
0xCd0c76e0f4b640c242cD58Ef729f278C9561231f,97.5803691986032
0x70ED63A76736c433200eCb9F3d14A91908b731FA,37.277525901794384
0x8337E2037Ea13c5f21B9e20044D36B03FeeA6Da8,1.2133708960169316
0x9e7F43Efd59055BCAfB5D1de6c76B4EF24C9B660,20.748802144991384
0xa27f5Fd97EA9B2A9Feb02CBfB09ECdDA34edbB78,26.81181773560307
0x186ebA3b36Ba03cc3911AE79ed7148f7AA24fb02,20.857281553255408
0xc7F652785d61D686975e70D2C861A31ca01BD4B3,64.02272696755611
0x9d74BAE56076913Db460F05BBcDFA2382901AFDF,2.3948165824607193
0xF048bE6F5343CeA7FF09c2917FA28191cE2Af889,70.49402586202717
0xF2F62BF6676c5b250Eafa5c4DA311399c932b571,22.588951061662744
0xdE497793f75359E547Cc8fD67B97C6Dc57A0C02e,82.38843933220669
0xca29e46c4B33892D3EF043fee2AE0cA55A2387C5,5.5627210379343435
0x3295bD9d62a284166b349990C042d23f77B004a1,60.96764454585772
0x868fd69bE56C0e2dEC06ad1869e8Cd2e122A2365,9.661370885320347
0x7573ebB48874561ffa7d789974d83095d85f40F4,1.3965678588365156
0x887Ddcd38cc9F18B87b8e63609Ec427DeE4410a5,2.9784765424986865
0xd7065A033515947eF33c4502fe8F649De451a38a,20.04579467198777
0x07Ca139A2710D9e7F16062dABdcC62032fDBAb35,92.73832928636638
0xEdC7f3C4757d46f7Ad2A8f4872D756240925264C,85.38243751513745
0x70C0De66e3BE538d242F44B9870b125693816e32,9.293860713539955
0xC014B1318707F6b38E2fe73bBC3e4178C8a261C2,64.33192729554789
0x75aCa79A2134F7F324fa4a722021DA4383B5c984,46.244061009105124
0x000398dcF8fE4b5eC653B79355db5D1096a782C9,82.17727931011416
0xEade2f82c66eBda112987edd95E26cd3088f33DD,10
0xF25128854443E18290FFD61200E051d94B8e4069,10
0xa834e550B45B4a469a05B846fb637bfcB12e3Df8,10
0x051C7C18E63FE9Ec71BB4B5D2fCE2807F764dB5e,10
0x6144DAf8e2e583cD30C3567861C8E1D95cfA51B5,10
0x4F1abd0E5c4506C95a4Fd5259371BD9a877D9488,10